Unnamed: 0,Super_Bowl,Setlist,Headliner(s),Musician(s),num_songs
0,1,""" The Sound of Music "", Medley: "" Way Down Yonder in New Orleans / When the Saints Go Marching In "" (with Al Hirt), "" Bugler's Holiday "" (with Al Hirt), "" Bury Me Not on the Lone Prairie "", "" William Tell Overture "" (excerpt), "" The Liberty Bell March "", "" Marching Along Together "", "" This Is My Country "" (with Grambling College Marching Band and USC Chorus)",,University of Arizona Symphonic Marching Band,0
1,1,""" The Sound of Music "", Medley: "" Way Down Yonder in New Orleans / When the Saints Go Marching In "" (with Al Hirt), "" Bugler's Holiday "" (with Al Hirt), "" Bury Me Not on the Lone Prairie "", "" William Tell Overture "" (excerpt), "" The Liberty Bell March "", "" Marching Along Together "", "" This Is My Country "" (with Grambling College Marching Band and USC Chorus)",,Grambling State University Marching Band,0
3,1,""" The Sound of Music "", Medley: "" Way Down Yonder in New Orleans / When the Saints Go Marching In "" (with Al Hirt), "" Bugler's Holiday "" (with Al Hirt), "" Bury Me Not on the Lone Prairie "", "" William Tell Overture "" (excerpt), "" The Liberty Bell March "", "" Marching Along Together "", "" This Is My Country "" (with Grambling College Marching Band and USC Chorus)",,Anaheim High School Ana-Hi-Steppers Drill Team and Flag Girls,0
4,2,—,,Grambling State University,0
5,3,—,,Florida A&M University band,0
6,3,—,,Miami-area high school bands,0
7,4,""" Do You Know What It Means to Miss New Orleans? "", "" When the Saints Go Marching In """,,Marguerite Piazza,0
8,4,""" Do You Know What It Means to Miss New Orleans? "", "" When the Saints Go Marching In """,,Doc Severinsen,0
9,4,""" Do You Know What It Means to Miss New Orleans? "", "" When the Saints Go Marching In """,,Al Hirt,0
10,4,""" Do You Know What It Means to Miss New Orleans? "", "" When the Saints Go Marching In """,,Lionel Hampton,0
11,4,""" Do You Know What It Means to Miss New Orleans? "", "" When the Saints Go Marching In """,,Carol Channing,0
12,4,""" Do You Know What It Means to Miss New Orleans? "", "" When the Saints Go Marching In """,,Southern University Marching Band,0
13,5,—,,Southeast Missouri State,0
14,5,—,,Anita Bryant,0
15,5,—,,Up With People,0
17,6,""" Mack the Knife "" (Ella Fitzgerald and Al Hirt)",,Carol Channing,0
19,6,""" Mack the Knife "" (Ella Fitzgerald and Al Hirt)",,USAFA Cadet Chorale,0
20,6,""" Mack the Knife "" (Ella Fitzgerald and Al Hirt)",,U.S. Marine Corps Drill Team,0
24,8,—,,University of Texas Longhorn Band,0
25,8,—,,Judy Mallett ( Miss Texas 1973) on fiddle,0
26,9,—,,Mercer Ellington,0
27,9,—,,Grambling State University,0
28,10,""" Good Time Neighborhood Band "", "" 200 Years and Just A Baby "", "" Cindy "", Medley: "" Rippin' Along ""/"" Rock Around The Clock "", Medley: "" Take Me Home Country Roads ""/"" City of New Orleans ""/"" Philadelphia Freedom ""/"" 200 Years and Just A Baby "" (reprise), "" America The Beautiful """,,Up with People,0
29,11,""" It's A Big Wide Wonderful World "", "" Paloma Blanca "", "" Mickey Mouse Club Theme"", "" If You Add All The Love In The World "", "" It's A Small World "", "" Brotherhood Of Man """,,card stunt,0
30,12,—,,Tyler Apache Belles Drill Team,0
31,12,—,,The Apache Band,0
32,12,—,,Pete Fountain,0
33,12,—,,Al Hirt,0
34,13,—,,Ken Hamilton,0
35,13,—,,Various Caribbean bands,0
36,13,—,,including Gramacks out of Dominica,0
37,14,""" We Are Many, We Are One "", Big Band Medley: "" Jukebox Saturday Night ""/"" Don't Sit Under The Apple Tree ""/"" Bandstand Boogie ""/"" Pennsylvania 6-5000 ""/"" Sentimental Journey ""/"" Come On Get Happy ""/"" It Don't Mean a Thing "", "" Let's Conga "", "" Beer Barrel Polka "", "" Johnny B. Goode "", "" I'll Be Seeing You "", Medley: "" Chattanooga Choo-Choo ""/"" Full of the Power "", "" Up With People """,,Up with People,0
38,14,""" We Are Many, We Are One "", Big Band Medley: "" Jukebox Saturday Night ""/"" Don't Sit Under The Apple Tree ""/"" Bandstand Boogie ""/"" Pennsylvania 6-5000 ""/"" Sentimental Journey ""/"" Come On Get Happy ""/"" It Don't Mean a Thing "", "" Let's Conga "", "" Beer Barrel Polka "", "" Johnny B. Goode "", "" I'll Be Seeing You "", Medley: "" Chattanooga Choo-Choo ""/"" Full of the Power "", "" Up With People """,,Grambling State University Marching Bands,0
39,15,—,,Southern University Marching Band,0
40,15,—,,Helen O'Connell,0
41,16,"Medley: "" The Twist ""/"" Cool Jerk ""/"" Monster Mash ""/"" Itsy Bitsy Teeny Weeny Yellow Polka-Dot Bikini ""/"" Wipeout ""/"" Surfin' U.S.A. "", Medley: "" Little GTO ""/"" Dancing in the Street ""/"" Uptight (Everything's Alright) ""/"" Stop! In the Name of Love ""/"" I Heard It Through the Grapevine ""/"" Ain't No Mountain High Enough "", Medley: "" Scarborough Fair ""/"" Michael, Row the Boat Ashore ""/"" Abraham, Martin & John "", Medley: "" Can't Buy Me Love ""/"" All You Need Is Love ""/"" Hey Jude ""/"" Let the Sunshine In "", "" Up With People """,,Up with People,0
42,17,""" Look to the Rainbow "", "" The Music Goes Round and Round "", "" Gloria "", "" The Windmills of Your Mind "", "" Fantaisie-Impromptu "" (excerpt), "" Somewhere over the Rainbow """,,Los Angeles Super Drill Team,0
43,18,"Introduction by Phyllis George, "" Hooray for Hollywood "", "" You Oughta Be in Pictures "", "" Steppin' Out with My Baby "", "" Puttin' on the Ritz "", "" 42nd Street "", "" When You Wish Upon a Star """,,University of Florida,0
44,18,"Introduction by Phyllis George, "" Hooray for Hollywood "", "" You Oughta Be in Pictures "", "" Steppin' Out with My Baby "", "" Puttin' on the Ritz "", "" 42nd Street "", "" When You Wish Upon a Star """,,Florida State University,0
45,19,—,,Tops in Blue,0
46,20,""" Beat Of The Future "", "" Talkin' With My Feet "", Medley: "" Born in the U.S.A. ""/"" The Power of Love ""/"" I Just Called to Say I Love You ""/"" Theme from 'Footloose' "", Medley: "" Room For Everyone ""/"" We'll Be There """,,Up with People,0
47,21,""" Strike Up The Band "", "" Ghost Riders in the Sky "", Theme songs from Bonanza , Indiana Jones , and Footloose, Hoedown song, "" Cheek to Cheek "", ""What a Feeling"" (Theme from Flashdance ), "" That's Entertainment "", "" Somewhere Over the Rainbow "", "" When You Wish Upon a Star """,,George Burns,0
48,21,""" Strike Up The Band "", "" Ghost Riders in the Sky "", Theme songs from Bonanza , Indiana Jones , and Footloose, Hoedown song, "" Cheek to Cheek "", ""What a Feeling"" (Theme from Flashdance ), "" That's Entertainment "", "" Somewhere Over the Rainbow "", "" When You Wish Upon a Star """,,Mickey Rooney,0
49,21,""" Strike Up The Band "", "" Ghost Riders in the Sky "", Theme songs from Bonanza , Indiana Jones , and Footloose, Hoedown song, "" Cheek to Cheek "", ""What a Feeling"" (Theme from Flashdance ), "" That's Entertainment "", "" Somewhere Over the Rainbow "", "" When You Wish Upon a Star """,,Grambling State University and USC Marching Bands,0
50,21,""" Strike Up The Band "", "" Ghost Riders in the Sky "", Theme songs from Bonanza , Indiana Jones , and Footloose, Hoedown song, "" Cheek to Cheek "", ""What a Feeling"" (Theme from Flashdance ), "" That's Entertainment "", "" Somewhere Over the Rainbow "", "" When You Wish Upon a Star """,,Disney characters,0
51,21,""" Strike Up The Band "", "" Ghost Riders in the Sky "", Theme songs from Bonanza , Indiana Jones , and Footloose, Hoedown song, "" Cheek to Cheek "", ""What a Feeling"" (Theme from Flashdance ), "" That's Entertainment "", "" Somewhere Over the Rainbow "", "" When You Wish Upon a Star """,,Southern California -area high school drill teams and dancers,0
54,22,"88 Grand Pianos performance, "" The Super Bowl Super-Band Swing "", "" It Don't Mean A Thing (If It Ain't Got That Swing) "" (with The Rockettes), "" I Got Rhythm "" (with The Rockettes), Medley: "" Let's Twist Again ""/"" The Super Bowl Twist (Peppermint Twist) "" (with Chubby Checker)",,88 grand piano players (various),0
55,22,"88 Grand Pianos performance, "" The Super Bowl Super-Band Swing "", "" It Don't Mean A Thing (If It Ain't Got That Swing) "" (with The Rockettes), "" I Got Rhythm "" (with The Rockettes), Medley: "" Let's Twist Again ""/"" The Super Bowl Twist (Peppermint Twist) "" (with Chubby Checker)",,The combined San Diego State University Marching Aztecs,0
56,22,"88 Grand Pianos performance, "" The Super Bowl Super-Band Swing "", "" It Don't Mean A Thing (If It Ain't Got That Swing) "" (with The Rockettes), "" I Got Rhythm "" (with The Rockettes), Medley: "" Let's Twist Again ""/"" The Super Bowl Twist (Peppermint Twist) "" (with Chubby Checker)",,California State University Northridge Marching Band and USC Marching Bands,0
57,23,"Introduction by Bob Costas and 3-D commercial for Diet Coke, "" Rock This Town "", audience participation card trick, "" Tutti Frutti "", "" Do You Love Me "", "" Devil with a Blue Dress On "", "" Great Balls of Fire "", "" Greased Lightnin' "", "" True Love """,,Elvis Presto,0
58,23,"Introduction by Bob Costas and 3-D commercial for Diet Coke, "" Rock This Town "", audience participation card trick, "" Tutti Frutti "", "" Do You Love Me "", "" Devil with a Blue Dress On "", "" Great Balls of Fire "", "" Greased Lightnin' "", "" True Love """,,South Florida -area dancers and performers,0
60,24,""" (Up A) Lazy River "", "" Waiting For The Robert E. Lee "", ""Here Comes the Showboat"", "" When the Saints Go Marching In "" (Pete Fountain on clarinet ), "" Happy Birthday to You """,,Doug Kershaw,0
61,24,""" (Up A) Lazy River "", "" Waiting For The Robert E. Lee "", ""Here Comes the Showboat"", "" When the Saints Go Marching In "" (Pete Fountain on clarinet ), "" Happy Birthday to You """,,Irma Thomas,0
62,24,""" (Up A) Lazy River "", "" Waiting For The Robert E. Lee "", ""Here Comes the Showboat"", "" When the Saints Go Marching In "" (Pete Fountain on clarinet ), "" Happy Birthday to You """,,Nicholls State University Marching Band,0
63,24,""" (Up A) Lazy River "", "" Waiting For The Robert E. Lee "", ""Here Comes the Showboat"", "" When the Saints Go Marching In "" (Pete Fountain on clarinet ), "" Happy Birthday to You """,,Southern University Marching Band,0
64,24,""" (Up A) Lazy River "", "" Waiting For The Robert E. Lee "", ""Here Comes the Showboat"", "" When the Saints Go Marching In "" (Pete Fountain on clarinet ), "" Happy Birthday to You """,,USL Marching Band,0
65,25,""" It's a Small World After All ""/ "" We Are the World ""/ "" I'd Like to Teach the World to Sing "" (children), "" Step by Step "" (NKOTB), "" This One's For The Children "" (NKOTB and children), ""It's a Small World After All"" (children)",,New Kids on the Block,0
66,25,""" It's a Small World After All ""/ "" We Are the World ""/ "" I'd Like to Teach the World to Sing "" (children), "" Step by Step "" (NKOTB), "" This One's For The Children "" (NKOTB and children), ""It's a Small World After All"" (children)",,Disney characters,0
67,25,""" It's a Small World After All ""/ "" We Are the World ""/ "" I'd Like to Teach the World to Sing "" (children), "" Step by Step "" (NKOTB), "" This One's For The Children "" (NKOTB and children), ""It's a Small World After All"" (children)",,Warren Moon,0
68,25,""" It's a Small World After All ""/ "" We Are the World ""/ "" I'd Like to Teach the World to Sing "" (children), "" Step by Step "" (NKOTB), "" This One's For The Children "" (NKOTB and children), ""It's a Small World After All"" (children)",,2,0
69,25,""" It's a Small World After All ""/ "" We Are the World ""/ "" I'd Like to Teach the World to Sing "" (children), "" Step by Step "" (NKOTB), "" This One's For The Children "" (NKOTB and children), ""It's a Small World After All"" (children)",,000 local children,0
70,25,""" It's a Small World After All ""/ "" We Are the World ""/ "" I'd Like to Teach the World to Sing "" (children), "" Step by Step "" (NKOTB), "" This One's For The Children "" (NKOTB and children), ""It's a Small World After All"" (children)",,Audience ( card stunt ),0
72,26,"""Winter Magic"", "" Walking in a Winter Wonderland "", "" Dance of the Sugar Plum Fairy "", ""Frosty"" (University of Minnesota Marching Band), "" One Moment in Time "" (featuring Brian Boitano and Dorothy Hamill), "" Don't Stop Me Now "" (featuring members of the 1980 US Olympic Hockey Team), "" Live for Loving You "" (Gloria Estefan), "" Get on Your Feet "" (Gloria Estefan)",,Olympic figure skaters Brian Boitano and Dorothy Hamill,0
73,26,"""Winter Magic"", "" Walking in a Winter Wonderland "", "" Dance of the Sugar Plum Fairy "", ""Frosty"" (University of Minnesota Marching Band), "" One Moment in Time "" (featuring Brian Boitano and Dorothy Hamill), "" Don't Stop Me Now "" (featuring members of the 1980 US Olympic Hockey Team), "" Live for Loving You "" (Gloria Estefan), "" Get on Your Feet "" (Gloria Estefan)",,Members of the 1980 US Olympic Hockey Team,0
75,27,""" Jam "" (M. Jackson), "" Billie Jean "" (M. Jackson), "" Black or White "" (M. Jackson), "" We Are the World "" (children's choir), "" Heal the World "" (M. Jackson)",,Michael Jackson,0
81,29,""" Release Yourself "" (Patti LaBelle), "" Caravan "" (Tony Bennett, Arturo Sandoval and Miami Sound Machine), "" New Attitude "" (Patti LaBelle), "" Can You Feel The Love Tonight "" (Patti LaBelle and Tony Bennett)",,Indiana Jones & Marion Ravenwood,0
82,29,""" Release Yourself "" (Patti LaBelle), "" Caravan "" (Tony Bennett, Arturo Sandoval and Miami Sound Machine), "" New Attitude "" (Patti LaBelle), "" Can You Feel The Love Tonight "" (Patti LaBelle and Tony Bennett)",,Teddy Pendergrass,0
86,30,""" Stop In The Name Of Love "", "" You Keep Me Hangin' On "", "" Baby Love "", "" You Can't Hurry Love "", "" Why Do Fools Fall in Love "", "" Chain Reaction "", "" Reach Out and Touch (Somebody's Hand) "", "" Ain't No Mountain High Enough "", "" I Will Survive "", "" Take Me Higher """,,Diana Ross,0
87,31,""" Everybody Needs Somebody to Love "" (The Blues Brothers), "" Soul Man "" (The Blues Brothers), "" I Got You (I Feel Good) "" (James Brown), "" Get Up (I Feel Like Being a) Sex Machine "" (James Brown), "" Tush "" (ZZ Top), "" Legs "" (ZZ Top), "" Gimme Some Lovin' "" (all performers joined together)",,The Blues Brothers ( Dan Aykroyd,0
88,31,""" Everybody Needs Somebody to Love "" (The Blues Brothers), "" Soul Man "" (The Blues Brothers), "" I Got You (I Feel Good) "" (James Brown), "" Get Up (I Feel Like Being a) Sex Machine "" (James Brown), "" Tush "" (ZZ Top), "" Legs "" (ZZ Top), "" Gimme Some Lovin' "" (all performers joined together)",,John Goodman and Jim Belushi ),0
91,31,""" Everybody Needs Somebody to Love "" (The Blues Brothers), "" Soul Man "" (The Blues Brothers), "" I Got You (I Feel Good) "" (James Brown), "" Get Up (I Feel Like Being a) Sex Machine "" (James Brown), "" Tush "" (ZZ Top), "" Legs "" (ZZ Top), "" Gimme Some Lovin' "" (all performers joined together)",,"Catherine Crier (""news"" intro)",0
94,32,""" Get Ready "" (The Temptations), "" I Can't Help Myself "" (The Temptations), "" The Tracks of My Tears "" (Smokey Robinson), "" My Girl "" (The Temptations with Smokey Robinson), "" Heat Wave "" ( Martha and the Vandellas ), "" Paper "" (Queen Latifah), "" Motownphilly "" (Boyz II Men), "" A Song for Mama "" (Boyz II Men), "" Dancing in the Street "" (all artists joined by GSU Marching Band)",,Martha Reeves,0
97,32,""" Get Ready "" (The Temptations), "" I Can't Help Myself "" (The Temptations), "" The Tracks of My Tears "" (Smokey Robinson), "" My Girl "" (The Temptations with Smokey Robinson), "" Heat Wave "" ( Martha and the Vandellas ), "" Paper "" (Queen Latifah), "" Motownphilly "" (Boyz II Men), "" A Song for Mama "" (Boyz II Men), "" Dancing in the Street "" (all artists joined by GSU Marching Band)",,Grambling State University Marching Band,0
101,33,"""Go Daddy O"" (Big Bad Voodoo Daddy), "" Sir Duke "" (Stevie Wonder), "" You Are The Sunshine Of My Life "" (Stevie Wonder), "" I Wish "" (Stevie Wonder), "" Oye! "" (Gloria Estefan), "" Turn The Beat Around "" (Gloria Estefan), "" You'll Be Mine (Party Time) / Another Star / My Cherie Amour "" (Gloria Estefan and Stevie Wonder),",,Savion Glover,0
102,34,""" Reflections of Earth "" Instrumental ( Walt Disney World Millennium Celebration soundtrack ), ""Celebrate the Future Hand in Hand"" (Christina Aguilera & Enrique Iglesias), "" Tapestry of Nations "" Instrumental ( Walt Disney World Millennium Celebration soundtrack ), "" Two Worlds "" (Phil Collins), ""We Go On"" (Toni Braxton)",,—,0
107,34,""" Reflections of Earth "" Instrumental ( Walt Disney World Millennium Celebration soundtrack ), ""Celebrate the Future Hand in Hand"" (Christina Aguilera & Enrique Iglesias), "" Tapestry of Nations "" Instrumental ( Walt Disney World Millennium Celebration soundtrack ), "" Two Worlds "" (Phil Collins), ""We Go On"" (Toni Braxton)",,80-person choir ( Georgia State University ),0
108,34,""" Reflections of Earth "" Instrumental ( Walt Disney World Millennium Celebration soundtrack ), ""Celebrate the Future Hand in Hand"" (Christina Aguilera & Enrique Iglesias), "" Tapestry of Nations "" Instrumental ( Walt Disney World Millennium Celebration soundtrack ), "" Two Worlds "" (Phil Collins), ""We Go On"" (Toni Braxton)",,Edward James Olmos (narrator),0
114,36,""" Beautiful Day "", "" MLK "", "" Where the Streets Have No Name """,,—,0
115,36,""" Beautiful Day "", "" MLK "", "" Where the Streets Have No Name """,,U2,0
126,38,""" The Way You Move "" (Spirit of Houston and Ocean of Soul marching bands), "" All for You "" (Janet Jackson), "" Bad Boy for Life "" (P. Diddy), ""Diddy"" to the tune of "" Mickey "" (P. Diddy), "" Hot in Herre "" (Nelly), "" Mo Money Mo Problems "" (P. Diddy), "" Bawitdaba "" (Kid Rock), "" Cowboy "" (Kid Rock), "" Rhythm Nation "" (Janet Jackson), "" Rock Your Body "" (Justin Timberlake with Janet Jackson)",,Jessica Simpson,0
127,39,""" Drive My Car "", "" Get Back "", "" Live and Let Die "", "" Hey Jude """,,—,0
128,39,""" Drive My Car "", "" Get Back "", "" Live and Let Die "", "" Hey Jude """,,Paul McCartney,0
129,40,""" Start Me Up "", "" Rough Justice "", "" (I Can't Get No) Satisfaction """,,—,0
130,40,""" Start Me Up "", "" Rough Justice "", "" (I Can't Get No) Satisfaction """,,The Rolling Stones,0
131,41,""" We Will Rock You "" (Intro), "" Let's Go Crazy "", "" Baby I'm a Star "", "" Proud Mary "", "" 1999 "", "" All Along the Watchtower "", "" Best of You "", "" Purple Rain """,,Florida A&M University Marching 100 Band,0
132,41,""" We Will Rock You "" (Intro), "" Let's Go Crazy "", "" Baby I'm a Star "", "" Proud Mary "", "" 1999 "", "" All Along the Watchtower "", "" Best of You "", "" Purple Rain """,,Prince,0
133,42,""" American Girl "", "" I Won't Back Down "", "" Free Fallin' "", "" Runnin' Down a Dream """,,—,0
134,42,""" American Girl "", "" I Won't Back Down "", "" Free Fallin' "", "" Runnin' Down a Dream """,,Tom Petty and the Heartbreakers,0
135,43,""" Tenth Avenue Freeze-Out "", "" Born to Run "", "" Working on a Dream "", "" Glory Days """,,The Miami Horns,0
136,43,""" Tenth Avenue Freeze-Out "", "" Born to Run "", "" Working on a Dream "", "" Glory Days """,,Bruce Springsteen,0
137,43,""" Tenth Avenue Freeze-Out "", "" Born to Run "", "" Working on a Dream "", "" Glory Days """,,E Street Band,0
138,44,""" Pinball Wizard "", "" Baba O'Riley "", "" Who Are You "", "" See Me, Feel Me "", "" Won't Get Fooled Again """,The Who,The Who,6
139,44,""" Pinball Wizard "", "" Baba O'Riley "", "" Who Are You "", "" See Me, Feel Me "", "" Won't Get Fooled Again """,The Who,—,0
143,45,""" I Gotta Feeling "" (The Black Eyed Peas), "" Boom Boom Pow "" (The Black Eyed Peas), "" Sweet Child O' Mine "" (Slash & Fergie), "" Pump It "" (The Black Eyed Peas), "" Let's Get It Started "" (The Black Eyed Peas), "" OMG "" (Usher & will.i.am), "" Where Is The Love? "" (The Black Eyed Peas), "" The Time (Dirty Bit) "" with ""I Gotta Feeling"" reprise (The Black Eyed Peas)",The Black Eyed Peas,Dallas/Ft. Worth -area area high school drill teams and dancers,0
144,45,""" I Gotta Feeling "" (The Black Eyed Peas), "" Boom Boom Pow "" (The Black Eyed Peas), "" Sweet Child O' Mine "" (Slash & Fergie), "" Pump It "" (The Black Eyed Peas), "" Let's Get It Started "" (The Black Eyed Peas), "" OMG "" (Usher & will.i.am), "" Where Is The Love? "" (The Black Eyed Peas), "" The Time (Dirty Bit) "" with ""I Gotta Feeling"" reprise (The Black Eyed Peas)",The Black Eyed Peas,Prairie View A&M University Marching Storm,0
147,46,""" Vogue "" (Madonna), "" Music "" / "" Party Rock Anthem "" / "" Sexy and I Know It "" (Madonna with LMFAO), "" Give Me All Your Luvin' "" (Madonna with Nicki Minaj and M.I.A.), "" Open Your Heart "" / "" Express Yourself "" (Madonna with Cee Lo Green), "" Like a Prayer "" (Madonna with Cee Lo Green)",Madonna,Cirque du Soleil,0
151,46,""" Vogue "" (Madonna), "" Music "" / "" Party Rock Anthem "" / "" Sexy and I Know It "" (Madonna with LMFAO), "" Give Me All Your Luvin' "" (Madonna with Nicki Minaj and M.I.A.), "" Open Your Heart "" / "" Express Yourself "" (Madonna with Cee Lo Green), "" Like a Prayer "" (Madonna with Cee Lo Green)",Madonna,Andy Lewis,0
152,46,""" Vogue "" (Madonna), "" Music "" / "" Party Rock Anthem "" / "" Sexy and I Know It "" (Madonna with LMFAO), "" Give Me All Your Luvin' "" (Madonna with Nicki Minaj and M.I.A.), "" Open Your Heart "" / "" Express Yourself "" (Madonna with Cee Lo Green), "" Like a Prayer "" (Madonna with Cee Lo Green)",Madonna,Avon High School Drumline,0
153,46,""" Vogue "" (Madonna), "" Music "" / "" Party Rock Anthem "" / "" Sexy and I Know It "" (Madonna with LMFAO), "" Give Me All Your Luvin' "" (Madonna with Nicki Minaj and M.I.A.), "" Open Your Heart "" / "" Express Yourself "" (Madonna with Cee Lo Green), "" Like a Prayer "" (Madonna with Cee Lo Green)",Madonna,Center Grove High School Drumline,0
154,46,""" Vogue "" (Madonna), "" Music "" / "" Party Rock Anthem "" / "" Sexy and I Know It "" (Madonna with LMFAO), "" Give Me All Your Luvin' "" (Madonna with Nicki Minaj and M.I.A.), "" Open Your Heart "" / "" Express Yourself "" (Madonna with Cee Lo Green), "" Like a Prayer "" (Madonna with Cee Lo Green)",Madonna,Fishers High School Drumline,0
155,46,""" Vogue "" (Madonna), "" Music "" / "" Party Rock Anthem "" / "" Sexy and I Know It "" (Madonna with LMFAO), "" Give Me All Your Luvin' "" (Madonna with Nicki Minaj and M.I.A.), "" Open Your Heart "" / "" Express Yourself "" (Madonna with Cee Lo Green), "" Like a Prayer "" (Madonna with Cee Lo Green)",Madonna,Franklin Central High School Drumline,0
156,46,""" Vogue "" (Madonna), "" Music "" / "" Party Rock Anthem "" / "" Sexy and I Know It "" (Madonna with LMFAO), "" Give Me All Your Luvin' "" (Madonna with Nicki Minaj and M.I.A.), "" Open Your Heart "" / "" Express Yourself "" (Madonna with Cee Lo Green), "" Like a Prayer "" (Madonna with Cee Lo Green)",Madonna,Southern University Dancing Dolls,0
157,46,""" Vogue "" (Madonna), "" Music "" / "" Party Rock Anthem "" / "" Sexy and I Know It "" (Madonna with LMFAO), "" Give Me All Your Luvin' "" (Madonna with Nicki Minaj and M.I.A.), "" Open Your Heart "" / "" Express Yourself "" (Madonna with Cee Lo Green), "" Like a Prayer "" (Madonna with Cee Lo Green)",Madonna,200-person choir consisting of Indianapolis locals,0
165,49,""" Roar "" (Katy Perry), "" Dark Horse "" (Katy Perry), "" I Kissed a Girl "" (Lenny Kravitz and Katy Perry), "" Teenage Dream "" (Katy Perry), "" California Gurls "" (Katy Perry), "" Get Ur Freak On "" (Missy Elliott and Katy Perry), "" Work It "" (Missy Elliott and Katy Perry), "" Lose Control "" (Missy Elliott), "" Firework "" (Katy Perry)",Katy Perry,Arizona State University Sun Devil Marching Band,0
170,50,""" Yellow "" (intro a cappella) (Coldplay), "" Viva la Vida "" (Coldplay), "" Paradise "" (Coldplay), "" Adventure of a Lifetime "" (Coldplay), "" Uptown Funk "" / "" Formation "" (Mark Ronson, Bruno Mars, and Beyoncé) (contains elements of "" U Can't Touch This "" and ""Crazy in Love""), "" Clocks "" (instrumental) (Coldplay), "" Fix You ""/"" Up&Up "" (Coldplay, Beyoncé and Bruno Mars) (contains elements of "" Midnight "", ""Independent Women Part I"", ""Just the Way You Are"", ""Purple Rain"", and ""Beautiful Day"")",Coldplay,Gustavo Dudamel,0
171,50,""" Yellow "" (intro a cappella) (Coldplay), "" Viva la Vida "" (Coldplay), "" Paradise "" (Coldplay), "" Adventure of a Lifetime "" (Coldplay), "" Uptown Funk "" / "" Formation "" (Mark Ronson, Bruno Mars, and Beyoncé) (contains elements of "" U Can't Touch This "" and ""Crazy in Love""), "" Clocks "" (instrumental) (Coldplay), "" Fix You ""/"" Up&Up "" (Coldplay, Beyoncé and Bruno Mars) (contains elements of "" Midnight "", ""Independent Women Part I"", ""Just the Way You Are"", ""Purple Rain"", and ""Beautiful Day"")",Coldplay,University of California Marching Band,0
172,50,""" Yellow "" (intro a cappella) (Coldplay), "" Viva la Vida "" (Coldplay), "" Paradise "" (Coldplay), "" Adventure of a Lifetime "" (Coldplay), "" Uptown Funk "" / "" Formation "" (Mark Ronson, Bruno Mars, and Beyoncé) (contains elements of "" U Can't Touch This "" and ""Crazy in Love""), "" Clocks "" (instrumental) (Coldplay), "" Fix You ""/"" Up&Up "" (Coldplay, Beyoncé and Bruno Mars) (contains elements of "" Midnight "", ""Independent Women Part I"", ""Just the Way You Are"", ""Purple Rain"", and ""Beautiful Day"")",Coldplay,Youth Orchestra Los Angeles,0
173,51,""" God Bless America ""/"" This Land Is Your Land "", "" Dance in the Dark "" (Instrumental Intro) (contains elements of "" Just Dance "", "" LoveGame "" and "" Paparazzi ""), "" The Edge of Glory "" (snippet), "" Poker Face "", "" Born This Way "", "" Telephone "", "" Just Dance "", "" Million Reasons "", "" Bad Romance """,Lady Gaga,Lady Gaga,10
174,51,""" God Bless America ""/"" This Land Is Your Land "", "" Dance in the Dark "" (Instrumental Intro) (contains elements of "" Just Dance "", "" LoveGame "" and "" Paparazzi ""), "" The Edge of Glory "" (snippet), "" Poker Face "", "" Born This Way "", "" Telephone "", "" Just Dance "", "" Million Reasons "", "" Bad Romance """,Lady Gaga,—,0
176,52,""" Filthy "", "" Rock Your Body "", "" Señorita "", "" SexyBack "", "" My Love "", "" Cry Me a River "", "" Suit & Tie "" (Featuring the University of Minnesota Marching Band ), "" Until the End of Time "", "" I Would Die 4 U "" (Pre-recorded video of Prince [displayed on a projection screen] with Justin Timberlake), "" Mirrors "", "" Can't Stop the Feeling! """,Justin Timberlake,The Tennessee Kids,0
181,53,""" Harder to Breathe "" (Maroon 5), "" This Love "" (Maroon 5), "" Sicko Mode "" (Travis Scott) (intro referencing ""Sweet Victory"" ), "" Girls Like You "" (Maroon 5), "" She Will Be Loved "" (Maroon 5), "" Kryptonite (I'm on It) "" (Big Boi), "" The Way You Move "" (Big Boi), "" Sugar "" (Maroon 5), "" Moves Like Jagger "" (Maroon 5)",Maroon 5,Georgia State University Marching Band,0
187,55,""" Call Out My Name "", "" Starboy "", "" The Hills "", "" Can't Feel My Face "" (contains elements of After Hours ), "" I Feel It Coming "", "" Save Your Tears "", "" Earned It "", ""House Of Balloons"", "" Blinding Lights """,The Weeknd,The Weeknd,9
188,55,""" Call Out My Name "", "" Starboy "", "" The Hills "", "" Can't Feel My Face "" (contains elements of After Hours ), "" I Feel It Coming "", "" Save Your Tears "", "" Earned It "", ""House Of Balloons"", "" Blinding Lights """,The Weeknd,—,0
196,57,""" What's My Name? "" (intro), "" Bitch Better Have My Money "" (contains elements of "" Phresh Out the Runway ""), "" Where Have You Been "" / "" Only Girl (In the World) "" (contains elements of "" Cockiness (Love It) ""), "" We Found Love "" (contains elements of "" S&M ""), "" Rude Boy (Klean Remix)"" (contains elements of "" Kiss It Better ""), "" Work "", "" Wild Thoughts "", "" Birthday Cake "" (interlude), "" Pour It Up "" (contains elements of ""Numb""), "" Pose "" (interlude), "" All of the Lights "", "" Run This Town "", "" Umbrella "", "" Diamonds """,Rihanna,Rihanna,14
197,57,""" What's My Name? "" (intro), "" Bitch Better Have My Money "" (contains elements of "" Phresh Out the Runway ""), "" Where Have You Been "" / "" Only Girl (In the World) "" (contains elements of "" Cockiness (Love It) ""), "" We Found Love "" (contains elements of "" S&M ""), "" Rude Boy (Klean Remix)"" (contains elements of "" Kiss It Better ""), "" Work "", "" Wild Thoughts "", "" Birthday Cake "" (interlude), "" Pour It Up "" (contains elements of ""Numb""), "" Pose "" (interlude), "" All of the Lights "", "" Run This Town "", "" Umbrella "", "" Diamonds """,Rihanna,—,0
205,58,""" My Way "" (intro), "" Caught Up "" (Usher) (contains elements of "" U Don't Have to Call "" and ""Superstar""), "" Love in This Club "" (Usher), "" If I Ain't Got You "" (Usher and Alicia Keys), "" My Boo "" (Usher and Alicia Keys), "" Confessions Part II "" (introduced by Jermaine Dupri), "" Burn "" (Usher) (contains elements of "" Nice & Slow ""), "" U Got It Bad "" (Usher with H.E.R. on guitar) (contains elements of ""Bad Girl""), "" OMG "" (Usher and will.i.am), "" Turn Down for What "" (Usher and Lil Jon), "" Yeah! "" (Usher, Lil Jon, and Ludacris) (contains elements of "" Freek-a-Leek "" & "" Get Low "")",Usher,Sonic Boom of the South,0
207,59,""" Wacced Out Murals "" (intro), ""Bodies"" (Kendrick Lamar), "" Squabble Up "" (Kendrick Lamar), "" Humble "" (Kendrick Lamar), "" DNA "" (Kendrick Lamar), "" Euphoria "" (Kendrick Lamar), ""Man at the Garden"" (Kendrick Lamar), ""Peekaboo"" (Kendrick Lamar), "" Luther "" (Kendrick Lamar and SZA), "" All the Stars "" (Kendrick Lamar and SZA), "" Not Like Us "" (Kendrick Lamar), "" TV Off "" (Kendrick Lamar)",Kendrick Lamar,Samuel L. Jackson,0
209,59,""" Wacced Out Murals "" (intro), ""Bodies"" (Kendrick Lamar), "" Squabble Up "" (Kendrick Lamar), "" Humble "" (Kendrick Lamar), "" DNA "" (Kendrick Lamar), "" Euphoria "" (Kendrick Lamar), ""Man at the Garden"" (Kendrick Lamar), ""Peekaboo"" (Kendrick Lamar), "" Luther "" (Kendrick Lamar and SZA), "" All the Stars "" (Kendrick Lamar and SZA), "" Not Like Us "" (Kendrick Lamar), "" TV Off "" (Kendrick Lamar)",Kendrick Lamar,Serena Williams,0
210,59,""" Wacced Out Murals "" (intro), ""Bodies"" (Kendrick Lamar), "" Squabble Up "" (Kendrick Lamar), "" Humble "" (Kendrick Lamar), "" DNA "" (Kendrick Lamar), "" Euphoria "" (Kendrick Lamar), ""Man at the Garden"" (Kendrick Lamar), ""Peekaboo"" (Kendrick Lamar), "" Luther "" (Kendrick Lamar and SZA), "" All the Stars "" (Kendrick Lamar and SZA), "" Not Like Us "" (Kendrick Lamar), "" TV Off "" (Kendrick Lamar)",Kendrick Lamar,Mustard,0
